<application>
  <component name="UpdatesConfigurable">
    <option name="LAST_BUILD_CHECKED" value="IC-233.14015.106" />
    <option name="LAST_TIME_CHECKED" value="1707495455897" />
    <option name="OBSOLETE_CUSTOM_REPOSITORIES_CLEAN_NEEDED" value="false" />
    <pluginHosts>
      <item value="https://hubspot-maven-artifacts-prod.s3.amazonaws.com/intellij-plugins/updatePlugins.xml" />
    </pluginHosts>
    <option name="THIRD_PARTY_PLUGINS_ALLOWED" value="true" />
    <option name="WHATS_NEW_SHOWN_FOR" value="233" />
  </component>
</application>