<code_scheme name="Default" version="173">
  <SwiftCodeStyleSettings>
    <option name="INDENT_DIRECTIVE_CHILDREN" value="true" />
    <option name="KEEP_SIMPLE_BLOCKS_IN_ONE_LINE_IF_ARGUMENT" value="false" />
  </SwiftCodeStyleSettings>
  <codeStyleSettings language="Swift">
    <option name="ELSE_ON_NEW_LINE" value="true" />
    <option name="CATCH_ON_NEW_LINE" value="true" />
    <option name="INDENT_CASE_FROM_SWITCH" value="true" />
    <option name="ALIGN_MULTILINE_PARAMETERS" value="false" />
    <option name="CALL_PARAMETERS_WRAP" value="5" />
    <option name="CALL_PARAMETERS_LPAREN_ON_NEXT_LINE" value="true" />
    <option name="METHOD_PARAMETERS_WRAP" value="5" />
    <option name="METHOD_PARAMETERS_LPAREN_ON_NEXT_LINE" value="true" />
    <option name="METHOD_CALL_CHAIN_WRAP" value="5" />
    <option name="WRAP_ON_TYPING" value="1" />
    <option name="SOFT_MARGINS" value="120" />
    <indentOptions>
      <option name="CONTINUATION_INDENT_SIZE" value="4" />
    </indentOptions>
  </codeStyleSettings>
</code_scheme>