<application>
  <component name="com.intellij.ide.ui.customization.CustomActionsSchema">
    <group value="Build" is_action="true" action_type="-1" position="0">
      <path value="root" />
      <path value="Main Toolbar" />
      <path value="Toolbar Run Actions" />
      <option name="myInitialPosition" value="-1" />
    </group>
    <group value="Build" is_action="true" action_type="1" position="1">
      <path value="root" />
      <path value="Main Toolbar" />
      <path value="Toolbar Run Actions" />
      <option name="myInitialPosition" value="-1" />
    </group>
    <group value="FindInPath" is_action="true" action_type="1" position="11">
      <path value="root" />
      <path value="Main Toolbar" />
      <option name="myInitialPosition" value="-1" />
    </group>
    <group value="ReplaceInPath" is_action="true" action_type="1" position="12">
      <path value="root" />
      <path value="Main Toolbar" />
      <option name="myInitialPosition" value="-1" />
    </group>
  </component>
</application>