<code_scheme name="Default" version="173">
  <JavaCodeStyleSettings>
    <option name="RECORD_COMPONENTS_WRAP" value="5" />
    <option name="NEW_LINE_AFTER_LPAREN_IN_RECORD_HEADER" value="true" />
  </JavaCodeStyleSettings>
  <TypeScriptCodeStyleSettings version="0">
    <option name="SPACE_BEFORE_FUNCTION_LEFT_PARENTH" value="false" />
    <option name="PREFER_AS_TYPE_CAST" value="true" />
    <option name="USE_DOUBLE_QUOTES" value="false" />
    <option name="ENFORCE_TRAILING_COMMA" value="Remove" />
    <option name="SPACES_WITHIN_OBJECT_LITERAL_BRACES" value="true" />
    <option name="SPACES_WITHIN_IMPORTS" value="true" />
    <option name="SPACE_BEFORE_ASYNC_ARROW_LPAREN" value="false" />
  </TypeScriptCodeStyleSettings>
  <codeStyleSettings language="JAVA">
    <option name="KEEP_CONTROL_STATEMENT_IN_ONE_LINE" value="false" />
    <option name="ELSE_ON_NEW_LINE" value="true" />
    <option name="WHILE_ON_NEW_LINE" value="true" />
    <option name="CATCH_ON_NEW_LINE" value="true" />
    <option name="FINALLY_ON_NEW_LINE" value="true" />
    <option name="ALIGN_MULTILINE_PARAMETERS_IN_CALLS" value="true" />
    <option name="ALIGN_MULTILINE_ARRAY_INITIALIZER_EXPRESSION" value="true" />
    <option name="SPACE_WITHIN_ARRAY_INITIALIZER_BRACES" value="true" />
    <option name="SPACE_BEFORE_IF_PARENTHESES" value="false" />
    <option name="SPACE_BEFORE_WHILE_PARENTHESES" value="false" />
    <option name="SPACE_BEFORE_FOR_PARENTHESES" value="false" />
    <option name="SPACE_BEFORE_TRY_PARENTHESES" value="false" />
    <option name="SPACE_BEFORE_CATCH_PARENTHESES" value="false" />
    <option name="SPACE_BEFORE_SWITCH_PARENTHESES" value="false" />
    <option name="SPACE_BEFORE_SYNCHRONIZED_PARENTHESES" value="false" />
    <option name="CALL_PARAMETERS_WRAP" value="5" />
    <option name="CALL_PARAMETERS_LPAREN_ON_NEXT_LINE" value="true" />
    <option name="CALL_PARAMETERS_RPAREN_ON_NEXT_LINE" value="true" />
    <option name="METHOD_PARAMETERS_WRAP" value="5" />
    <option name="METHOD_PARAMETERS_LPAREN_ON_NEXT_LINE" value="true" />
    <option name="EXTENDS_LIST_WRAP" value="5" />
    <option name="THROWS_LIST_WRAP" value="5" />
    <option name="ARRAY_INITIALIZER_WRAP" value="5" />
    <option name="ARRAY_INITIALIZER_LBRACE_ON_NEXT_LINE" value="true" />
    <option name="ARRAY_INITIALIZER_RBRACE_ON_NEXT_LINE" value="true" />
    <option name="IF_BRACE_FORCE" value="3" />
    <option name="DOWHILE_BRACE_FORCE" value="3" />
    <option name="WHILE_BRACE_FORCE" value="3" />
    <option name="FOR_BRACE_FORCE" value="3" />
    <option name="WRAP_LONG_LINES" value="true" />
    <option name="WRAP_ON_TYPING" value="1" />
    <indentOptions>
      <option name="CONTINUATION_INDENT_SIZE" value="4" />
    </indentOptions>
  </codeStyleSettings>
  <codeStyleSettings language="TypeScript">
    <option name="ELSE_ON_NEW_LINE" value="true" />
    <option name="SPACE_BEFORE_IF_PARENTHESES" value="false" />
    <option name="SPACE_BEFORE_WHILE_PARENTHESES" value="false" />
    <option name="SPACE_BEFORE_FOR_PARENTHESES" value="false" />
    <option name="SPACE_BEFORE_CATCH_PARENTHESES" value="false" />
    <option name="SPACE_BEFORE_SWITCH_PARENTHESES" value="false" />
  </codeStyleSettings>
</code_scheme>