<keymap version="1" name="Ide-Prefs AppCode" parent="Ide-Prefs Common">
  <action id="Back">
    <keyboard-shortcut first-keystroke="meta open_bracket" />
    <keyboard-shortcut first-keystroke="meta alt left" />
    <mouse-shortcut keystroke="button4" />
    <keyboard-shortcut first-keystroke="ctrl meta left" />
  </action>
  <action id="ChooseDebugConfiguration">
    <keyboard-shortcut first-keystroke="ctrl alt d" />
    <keyboard-shortcut first-keystroke="meta alt u" />
  </action>
  <action id="ChooseRunConfiguration">
    <keyboard-shortcut first-keystroke="meta alt r" />
  </action>
  <action id="EditorSelectWord">
    <keyboard-shortcut first-keystroke="alt up" />
    <keyboard-shortcut first-keystroke="ctrl w" />
  </action>
  <action id="Forward">
    <keyboard-shortcut first-keystroke="meta close_bracket" />
    <keyboard-shortcut first-keystroke="meta alt right" />
    <mouse-shortcut keystroke="button5" />
    <keyboard-shortcut first-keystroke="ctrl meta right" />
  </action>
  <action id="GotoDeclaration">
    <keyboard-shortcut first-keystroke="meta b" />
    <mouse-shortcut keystroke="meta button1" />
    <mouse-shortcut keystroke="button2" />
    <keyboard-shortcut first-keystroke="ctrl meta j" />
  </action>
  <action id="GotoRelated">
    <keyboard-shortcut first-keystroke="ctrl meta up" />
    <keyboard-shortcut first-keystroke="ctrl meta down" />
  </action>
  <action id="Run">
    <keyboard-shortcut first-keystroke="meta r" />
    <keyboard-shortcut first-keystroke="ctrl r" />
  </action>
</keymap>