<application>
  <component name="Atom Icon Selections Config">
    <option name="selectedFolderAssociations">
      <SelectedAssociations>
        <option name="iconType" value="FOLDER" />
        <option name="ownAssociations">
          <map>
            <entry key="angular">
              <value>
                <RegexAssociation>
                  <option name="matcher" value="^(angular|ng)$" />
                  <option name="pattern" value="^(angular|ng)$" />
                  <option name="touched" value="true" />
                  <option name="name" value="angular" />
                  <option name="icon" value="angular.svg" />
                  <option name="priority" value="10000" />
                </RegexAssociation>
              </value>
            </entry>
          </map>
        </option>
      </SelectedAssociations>
    </option>
  </component>
</application>