<application>
  <component name="DefaultFont">
    <option name="FONT_SIZE" value="16" />
    <option name="FONT_FAMILY" value="Cascadia Code" />
    <option name="FONT_REGULAR_SUB_FAMILY" value="Regular" />
    <option name="FONT_BOLD_SUB_FAMILY" value="Bold" />
    <option name="USE_LIGATURES" value="true" />
  </component>
  <component name="EditorSettings">
    <option name="IS_CAMEL_WORDS" value="true" />
    <option name="IS_MOUSE_CLICK_SELECTION_HONORS_CAMEL_WORDS" value="false" />
  </component>
  <component name="InlayHintsSettings">
    <option name="disabledHintProviderIds">
      <set>
        <option value="JAVA.chain.hints" />
      </set>
    </option>
  </component>
  <component name="TodoConfiguration">
    <pattern pattern="\btodo\b.*" />
    <pattern pattern="\bfixme\b.*" />
  </component>
</application>